,before,after
0,dairy,checkout
1,dairy,checkout
2,dairy,checkout
3,dairy,checkout
4,spices,checkout
5,spices,dairy
6,dairy,spices
7,spices,drinks
8,drinks,spices
9,spices,dairy
10,dairy,spices
11,spices,checkout
12,spices,drinks
13,drinks,spices
14,spices,fruit
15,fruit,checkout
16,fruit,checkout
17,dairy,fruit
18,fruit,checkout
19,fruit,checkout
20,drinks,checkout
21,spices,drinks
22,drinks,checkout
23,dairy,spices
24,spices,dairy
25,dairy,fruit
26,fruit,checkout
27,fruit,checkout
28,spices,fruit
29,fruit,checkout
30,dairy,spices
31,spices,checkout
32,fruit,checkout
33,fruit,dairy
34,dairy,checkout
35,spices,drinks
36,drinks,checkout
37,drinks,checkout
38,drinks,spices
39,spices,checkout
40,fruit,dairy
41,dairy,checkout
42,fruit,checkout
43,drinks,checkout
44,spices,dairy
45,dairy,spices
46,spices,drinks
47,drinks,checkout
48,fruit,dairy
49,dairy,checkout
50,spices,dairy
51,dairy,checkout
52,drinks,checkout
53,drinks,checkout
54,spices,drinks
55,drinks,fruit
56,fruit,dairy
57,dairy,fruit
58,fruit,checkout
59,spices,checkout
60,drinks,checkout
61,fruit,dairy
62,dairy,spices
63,spices,dairy
64,dairy,drinks
65,drinks,spices
66,spices,drinks
67,drinks,checkout
68,spices,drinks
69,drinks,spices
70,spices,fruit
71,fruit,checkout
72,dairy,drinks
73,drinks,checkout
74,dairy,checkout
75,fruit,checkout
76,fruit,dairy
77,dairy,checkout
78,dairy,checkout
79,dairy,spices
80,spices,checkout
81,drinks,dairy
82,dairy,spices
83,spices,drinks
84,drinks,checkout
85,dairy,spices
86,spices,fruit
87,fruit,dairy
88,dairy,checkout
89,fruit,dairy
90,dairy,fruit
91,fruit,dairy
92,dairy,checkout
93,fruit,checkout
94,spices,dairy
95,dairy,fruit
96,fruit,drinks
97,drinks,fruit
98,fruit,dairy
99,dairy,checkout
100,fruit,checkout
101,drinks,fruit
102,fruit,dairy
103,dairy,checkout
104,drinks,checkout
105,spices,checkout
106,fruit,drinks
107,drinks,spices
108,spices,checkout
109,fruit,dairy
110,dairy,checkout
111,drinks,spices
112,spices,fruit
113,fruit,drinks
114,drinks,fruit
115,fruit,checkout
116,fruit,checkout
117,spices,dairy
118,dairy,checkout
119,spices,dairy
120,dairy,checkout
121,fruit,dairy
122,dairy,spices
123,spices,drinks
124,drinks,checkout
125,fruit,checkout
126,drinks,checkout
127,dairy,drinks
128,drinks,fruit
129,fruit,checkout
130,fruit,drinks
131,drinks,checkout
132,spices,drinks
133,drinks,checkout
134,spices,drinks
135,drinks,checkout
136,spices,drinks
137,drinks,fruit
138,fruit,dairy
139,dairy,fruit
140,fruit,drinks
141,drinks,checkout
142,drinks,fruit
143,fruit,drinks
144,drinks,checkout
145,drinks,dairy
146,dairy,checkout
147,spices,drinks
148,drinks,spices
149,spices,checkout
150,dairy,spices
151,spices,drinks
152,drinks,checkout
153,spices,drinks
154,drinks,fruit
155,fruit,spices
156,spices,checkout
157,fruit,checkout
158,spices,drinks
159,drinks,checkout
160,dairy,fruit
161,fruit,checkout
162,spices,drinks
163,drinks,checkout
164,dairy,checkout
165,spices,fruit
166,fruit,checkout
167,spices,dairy
168,dairy,drinks
169,drinks,spices
170,spices,drinks
171,drinks,checkout
172,drinks,dairy
173,dairy,drinks
174,drinks,checkout
175,fruit,checkout
176,spices,dairy
177,dairy,checkout
178,dairy,drinks
179,drinks,checkout
180,dairy,drinks
181,drinks,spices
182,spices,dairy
183,dairy,fruit
184,fruit,checkout
185,drinks,fruit
186,fruit,checkout
187,drinks,checkout
188,fruit,dairy
189,dairy,checkout
190,fruit,drinks
191,drinks,spices
192,spices,dairy
193,dairy,drinks
194,drinks,checkout
195,drinks,spices
196,spices,checkout
197,spices,drinks
198,drinks,spices
199,spices,fruit
200,fruit,dairy
201,dairy,fruit
202,fruit,spices
203,spices,dairy
204,dairy,drinks
205,drinks,fruit
206,fruit,drinks
207,drinks,checkout
208,drinks,checkout
209,dairy,checkout
210,drinks,checkout
211,spices,checkout
212,fruit,dairy
213,dairy,checkout
214,dairy,checkout
215,dairy,checkout
216,drinks,dairy
217,dairy,checkout
218,drinks,fruit
219,fruit,spices
220,spices,dairy
221,dairy,checkout
222,dairy,checkout
223,fruit,checkout
224,dairy,drinks
225,drinks,fruit
226,fruit,drinks
227,drinks,checkout
228,dairy,drinks
229,drinks,spices
230,spices,drinks
231,drinks,checkout
232,drinks,checkout
233,fruit,checkout
234,dairy,checkout
235,dairy,drinks
236,drinks,spices
237,spices,drinks
238,drinks,checkout
239,fruit,spices
240,spices,drinks
241,drinks,spices
242,spices,dairy
243,dairy,fruit
244,fruit,checkout
245,fruit,checkout
246,drinks,spices
247,spices,checkout
248,dairy,spices
249,spices,checkout
250,fruit,dairy
251,dairy,checkout
252,dairy,spices
253,spices,drinks
254,drinks,fruit
255,fruit,dairy
256,dairy,spices
257,spices,fruit
258,fruit,spices
259,spices,drinks
260,drinks,checkout
261,spices,dairy
262,dairy,checkout
263,fruit,dairy
264,dairy,checkout
265,fruit,dairy
266,dairy,checkout
267,dairy,drinks
268,drinks,fruit
269,fruit,checkout
270,drinks,checkout
271,fruit,checkout
272,drinks,checkout
273,dairy,spices
274,spices,drinks
275,drinks,checkout
276,fruit,checkout
277,drinks,checkout
278,spices,dairy
279,dairy,checkout
280,dairy,checkout
281,dairy,drinks
282,drinks,checkout
283,drinks,dairy
284,dairy,checkout
285,fruit,checkout
286,fruit,checkout
287,fruit,checkout
288,spices,fruit
289,fruit,spices
290,spices,checkout
291,fruit,checkout
292,spices,checkout
293,drinks,checkout
294,dairy,checkout
295,fruit,checkout
296,dairy,drinks
297,drinks,spices
298,spices,dairy
299,dairy,spices
300,spices,dairy
301,dairy,fruit
302,fruit,checkout
303,drinks,checkout
304,dairy,checkout
305,dairy,drinks
306,drinks,fruit
307,fruit,checkout
308,fruit,checkout
309,fruit,dairy
310,dairy,spices
311,spices,drinks
312,drinks,checkout
313,dairy,checkout
314,fruit,checkout
315,fruit,checkout
316,dairy,drinks
317,drinks,checkout
318,dairy,drinks
319,drinks,checkout
320,drinks,spices
321,spices,drinks
322,drinks,checkout
323,drinks,checkout
324,dairy,spices
325,spices,drinks
326,drinks,spices
327,spices,checkout
328,dairy,fruit
329,fruit,spices
330,spices,fruit
331,fruit,drinks
332,drinks,checkout
333,spices,checkout
334,spices,fruit
335,fruit,checkout
336,dairy,drinks
337,drinks,checkout
338,dairy,fruit
339,fruit,checkout
340,fruit,checkout
341,dairy,checkout
342,dairy,spices
343,spices,drinks
344,drinks,fruit
345,fruit,drinks
346,drinks,fruit
347,fruit,spices
348,spices,dairy
349,dairy,checkout
350,drinks,checkout
351,fruit,checkout
352,spices,dairy
353,dairy,checkout
354,drinks,spices
355,spices,drinks
356,drinks,checkout
357,drinks,fruit
358,fruit,spices
359,spices,drinks
360,drinks,fruit
361,fruit,checkout
362,fruit,drinks
363,drinks,checkout
364,dairy,drinks
365,drinks,spices
366,spices,drinks
367,drinks,spices
368,spices,dairy
369,dairy,checkout
370,spices,fruit
371,fruit,checkout
372,drinks,spices
373,spices,dairy
374,dairy,drinks
375,drinks,checkout
376,fruit,dairy
377,dairy,checkout
378,fruit,dairy
379,dairy,drinks
380,drinks,checkout
381,dairy,checkout
382,spices,dairy
383,dairy,fruit
384,fruit,dairy
385,dairy,drinks
386,drinks,spices
387,spices,fruit
388,fruit,drinks
389,drinks,spices
390,spices,dairy
391,dairy,checkout
392,drinks,spices
393,spices,checkout
394,drinks,spices
395,spices,checkout
396,fruit,checkout
397,spices,dairy
398,dairy,checkout
399,drinks,spices
400,spices,dairy
401,dairy,checkout
402,drinks,checkout
403,fruit,checkout
404,drinks,checkout
405,drinks,fruit
406,fruit,checkout
407,fruit,checkout
408,fruit,drinks
409,drinks,checkout
410,spices,drinks
411,drinks,checkout
412,fruit,dairy
413,dairy,checkout
414,fruit,dairy
415,dairy,checkout
416,dairy,spices
417,spices,dairy
418,dairy,checkout
419,fruit,checkout
420,drinks,spices
421,spices,drinks
422,drinks,fruit
423,fruit,checkout
424,dairy,checkout
425,dairy,fruit
426,fruit,dairy
427,dairy,drinks
428,drinks,fruit
429,fruit,dairy
430,dairy,drinks
431,drinks,spices
432,spices,fruit
433,fruit,checkout
434,drinks,spices
435,spices,dairy
436,dairy,fruit
437,fruit,checkout
438,fruit,checkout
439,dairy,spices
440,spices,drinks
441,drinks,fruit
442,fruit,checkout
443,spices,dairy
444,dairy,checkout
445,dairy,drinks
446,drinks,spices
447,spices,dairy
448,dairy,checkout
449,dairy,drinks
450,drinks,fruit
451,fruit,drinks
452,drinks,checkout
453,drinks,checkout
454,drinks,checkout
455,dairy,fruit
456,fruit,drinks
457,drinks,checkout
458,dairy,spices
459,spices,fruit
460,fruit,checkout
461,fruit,spices
462,spices,checkout
463,fruit,checkout
464,fruit,dairy
465,dairy,fruit
466,fruit,spices
467,spices,drinks
468,drinks,spices
469,spices,checkout
470,fruit,checkout
471,fruit,dairy
472,dairy,checkout
473,dairy,checkout
474,spices,drinks
475,drinks,checkout
476,dairy,checkout
477,fruit,drinks
478,drinks,checkout
479,fruit,dairy
480,dairy,drinks
481,drinks,fruit
482,fruit,dairy
483,dairy,checkout
484,fruit,checkout
485,dairy,drinks
486,drinks,fruit
487,fruit,dairy
488,dairy,checkout
489,fruit,checkout
490,fruit,checkout
491,dairy,spices
492,spices,dairy
493,dairy,drinks
494,drinks,fruit
495,fruit,checkout
496,dairy,checkout
497,drinks,checkout
498,fruit,dairy
499,dairy,drinks
500,drinks,fruit
501,fruit,drinks
502,drinks,checkout
503,fruit,checkout
504,dairy,drinks
505,drinks,spices
506,spices,drinks
507,drinks,checkout
508,spices,dairy
509,dairy,drinks
510,drinks,fruit
511,fruit,dairy
512,dairy,checkout
513,fruit,checkout
514,fruit,dairy
515,dairy,fruit
516,fruit,checkout
517,fruit,spices
518,spices,drinks
519,drinks,fruit
520,fruit,dairy
521,dairy,drinks
522,drinks,checkout
523,dairy,checkout
524,spices,checkout
525,fruit,checkout
526,spices,drinks
527,drinks,checkout
528,fruit,spices
529,spices,checkout
530,fruit,checkout
531,fruit,checkout
532,spices,drinks
533,drinks,checkout
534,spices,dairy
535,dairy,fruit
536,fruit,dairy
537,dairy,fruit
538,fruit,checkout
539,fruit,dairy
540,dairy,drinks
541,drinks,checkout
542,fruit,dairy
543,dairy,drinks
544,drinks,checkout
545,dairy,drinks
546,drinks,fruit
547,fruit,checkout
548,fruit,dairy
549,dairy,checkout
550,fruit,drinks
551,drinks,fruit
552,fruit,dairy
553,dairy,drinks
554,drinks,spices
555,spices,fruit
556,fruit,checkout
557,dairy,checkout
558,drinks,fruit
559,fruit,spices
560,spices,dairy
561,dairy,fruit
562,fruit,checkout
563,spices,drinks
564,drinks,fruit
565,fruit,checkout
566,dairy,fruit
567,fruit,checkout
568,fruit,checkout
569,spices,drinks
570,drinks,checkout
571,spices,dairy
572,dairy,drinks
573,drinks,checkout
574,fruit,checkout
575,spices,drinks
576,drinks,checkout
577,spices,dairy
578,dairy,checkout
579,fruit,checkout
580,fruit,checkout
581,fruit,drinks
582,drinks,checkout
583,fruit,spices
584,spices,drinks
585,drinks,checkout
586,fruit,checkout
587,dairy,checkout
588,spices,fruit
589,fruit,checkout
590,spices,drinks
591,drinks,fruit
592,fruit,drinks
593,drinks,checkout
594,dairy,drinks
595,drinks,spices
596,spices,dairy
597,dairy,checkout
598,dairy,spices
599,spices,drinks
600,drinks,spices
601,spices,checkout
602,dairy,checkout
603,fruit,dairy
604,dairy,drinks
605,drinks,fruit
606,fruit,dairy
607,dairy,spices
608,spices,drinks
609,drinks,spices
610,spices,fruit
611,fruit,checkout
612,dairy,fruit
613,fruit,checkout
614,spices,dairy
615,dairy,spices
616,spices,dairy
617,dairy,fruit
618,fruit,dairy
619,dairy,drinks
620,drinks,checkout
621,drinks,checkout
622,dairy,drinks
623,drinks,checkout
624,fruit,checkout
625,fruit,checkout
626,dairy,checkout
627,dairy,drinks
628,drinks,fruit
629,fruit,dairy
630,dairy,checkout
631,fruit,checkout
632,fruit,spices
633,spices,drinks
634,drinks,checkout
635,fruit,checkout
636,fruit,checkout
637,fruit,checkout
638,fruit,checkout
639,dairy,drinks
640,drinks,checkout
641,fruit,drinks
642,drinks,checkout
643,fruit,checkout
644,drinks,checkout
645,fruit,dairy
646,dairy,checkout
647,fruit,checkout
648,fruit,dairy
649,dairy,drinks
650,drinks,spices
651,spices,drinks
652,drinks,checkout
653,fruit,checkout
654,drinks,fruit
655,fruit,spices
656,spices,drinks
657,drinks,checkout
658,spices,checkout
659,fruit,drinks
660,drinks,checkout
661,fruit,spices
662,spices,checkout
663,fruit,checkout
664,dairy,spices
665,spices,drinks
666,drinks,checkout
667,dairy,drinks
668,drinks,checkout
669,dairy,drinks
670,drinks,fruit
671,fruit,dairy
672,dairy,spices
673,spices,checkout
674,spices,fruit
675,fruit,drinks
676,drinks,checkout
677,fruit,drinks
678,drinks,spices
679,spices,dairy
680,dairy,checkout
681,drinks,checkout
682,dairy,drinks
683,drinks,checkout
684,fruit,dairy
685,dairy,fruit
686,fruit,checkout
687,fruit,checkout
688,spices,dairy
689,dairy,drinks
690,drinks,fruit
691,fruit,dairy
692,dairy,fruit
693,fruit,checkout
694,drinks,fruit
695,fruit,checkout
696,fruit,checkout
697,fruit,checkout
698,fruit,dairy
699,dairy,drinks
700,drinks,fruit
701,fruit,checkout
702,dairy,spices
703,spices,checkout
704,spices,checkout
705,drinks,spices
706,spices,drinks
707,drinks,checkout
708,fruit,dairy
709,dairy,spices
710,spices,fruit
711,fruit,checkout
712,fruit,checkout
713,drinks,checkout
714,fruit,checkout
715,spices,dairy
716,dairy,spices
717,spices,drinks
718,drinks,fruit
719,fruit,checkout
720,dairy,drinks
721,drinks,checkout
722,fruit,checkout
723,fruit,checkout
724,spices,checkout
725,dairy,checkout
726,fruit,checkout
727,dairy,fruit
728,fruit,drinks
729,drinks,fruit
730,fruit,drinks
731,drinks,checkout
732,dairy,drinks
733,drinks,checkout
734,dairy,fruit
735,fruit,drinks
736,drinks,spices
737,spices,drinks
738,drinks,checkout
739,dairy,checkout
740,spices,dairy
741,dairy,fruit
742,fruit,checkout
743,dairy,fruit
744,fruit,checkout
745,dairy,checkout
746,fruit,dairy
747,dairy,spices
748,spices,checkout
749,drinks,checkout
750,fruit,drinks
751,drinks,checkout
752,dairy,spices
753,spices,checkout
754,dairy,fruit
755,fruit,checkout
756,fruit,spices
757,spices,dairy
758,dairy,checkout
759,spices,checkout
760,dairy,checkout
761,drinks,fruit
762,fruit,checkout
763,spices,dairy
764,dairy,spices
765,spices,fruit
766,fruit,checkout
767,spices,drinks
768,drinks,checkout
769,fruit,checkout
770,spices,fruit
771,fruit,checkout
772,dairy,spices
773,spices,dairy
774,dairy,fruit
775,fruit,dairy
776,dairy,fruit
777,fruit,checkout
778,spices,dairy
779,dairy,spices
780,spices,checkout
781,spices,checkout
782,dairy,checkout
783,spices,checkout
784,fruit,checkout
785,fruit,checkout
786,spices,dairy
787,dairy,drinks
788,drinks,fruit
789,fruit,checkout
790,dairy,checkout
791,dairy,fruit
792,fruit,checkout
793,dairy,checkout
794,fruit,checkout
795,spices,drinks
796,drinks,fruit
797,fruit,checkout
798,spices,drinks
799,drinks,fruit
800,fruit,spices
801,spices,drinks
802,drinks,checkout
803,spices,dairy
804,dairy,fruit
805,fruit,checkout
806,dairy,checkout
807,spices,drinks
808,drinks,spices
809,spices,checkout
810,spices,dairy
811,dairy,spices
812,spices,drinks
813,drinks,spices
814,spices,dairy
815,dairy,checkout
816,dairy,spices
817,spices,drinks
818,drinks,fruit
819,fruit,spices
820,spices,fruit
821,fruit,checkout
822,dairy,checkout
823,dairy,spices
824,spices,checkout
825,fruit,checkout
826,dairy,drinks
827,drinks,checkout
828,spices,checkout
829,spices,checkout
830,drinks,dairy
831,dairy,drinks
832,drinks,checkout
833,spices,dairy
834,dairy,checkout
835,fruit,spices
836,spices,drinks
837,drinks,spices
838,spices,checkout
839,spices,drinks
840,drinks,checkout
841,dairy,spices
842,spices,dairy
843,dairy,fruit
844,fruit,dairy
845,dairy,drinks
846,drinks,checkout
847,fruit,checkout
848,spices,drinks
849,drinks,checkout
850,dairy,spices
851,spices,checkout
852,fruit,dairy
853,dairy,fruit
854,fruit,checkout
855,drinks,checkout
856,fruit,checkout
857,dairy,spices
858,spices,dairy
859,dairy,fruit
860,fruit,dairy
861,dairy,spices
862,spices,dairy
863,dairy,checkout
864,drinks,checkout
865,fruit,checkout
866,dairy,drinks
867,drinks,checkout
868,dairy,spices
869,spices,dairy
870,dairy,fruit
871,fruit,checkout
872,drinks,spices
873,spices,dairy
874,dairy,spices
875,spices,dairy
876,dairy,drinks
877,drinks,checkout
878,fruit,checkout
879,fruit,checkout
880,fruit,dairy
881,dairy,checkout
882,drinks,checkout
883,dairy,drinks
884,drinks,checkout
885,spices,checkout
886,dairy,fruit
887,fruit,spices
888,spices,dairy
889,dairy,spices
890,spices,drinks
891,drinks,spices
892,spices,fruit
893,fruit,drinks
894,drinks,spices
895,spices,fruit
896,fruit,dairy
897,dairy,spices
898,spices,fruit
899,fruit,drinks
900,drinks,checkout
901,dairy,fruit
902,fruit,spices
903,spices,checkout
904,dairy,drinks
905,drinks,checkout
906,drinks,checkout
907,fruit,checkout
908,dairy,drinks
909,drinks,checkout
910,dairy,drinks
911,drinks,spices
912,spices,checkout
913,spices,checkout
914,spices,fruit
915,fruit,checkout
916,fruit,checkout
917,spices,drinks
918,drinks,fruit
919,fruit,spices
920,spices,dairy
921,dairy,spices
922,spices,drinks
923,drinks,checkout
924,drinks,spices
925,spices,drinks
926,drinks,spices
927,spices,fruit
928,fruit,dairy
929,dairy,spices
930,spices,dairy
931,dairy,spices
932,spices,dairy
933,dairy,spices
934,spices,fruit
935,fruit,checkout
936,fruit,spices
937,spices,checkout
938,fruit,checkout
939,fruit,spices
940,spices,fruit
941,fruit,drinks
942,drinks,spices
943,spices,dairy
944,dairy,checkout
945,fruit,checkout
946,drinks,fruit
947,fruit,checkout
948,fruit,checkout
949,spices,fruit
950,fruit,checkout
951,spices,drinks
952,drinks,checkout
953,fruit,checkout
954,dairy,drinks
955,drinks,checkout
956,drinks,fruit
957,fruit,dairy
958,dairy,checkout
959,dairy,checkout
960,dairy,checkout
961,fruit,checkout
962,dairy,drinks
963,drinks,checkout
964,spices,dairy
965,dairy,checkout
966,fruit,checkout
967,dairy,checkout
968,fruit,drinks
969,drinks,spices
970,spices,dairy
971,dairy,drinks
972,drinks,checkout
973,dairy,checkout
974,fruit,spices
975,spices,drinks
976,drinks,fruit
977,fruit,checkout
978,dairy,spices
979,spices,fruit
980,fruit,checkout
981,spices,checkout
982,dairy,drinks
983,drinks,spices
984,spices,checkout
985,fruit,drinks
986,drinks,checkout
987,fruit,checkout
988,fruit,checkout
989,fruit,checkout
990,dairy,spices
991,spices,dairy
992,dairy,spices
993,spices,dairy
994,dairy,checkout
995,spices,checkout
996,fruit,dairy
997,dairy,checkout
998,dairy,fruit
999,fruit,checkout
1000,fruit,checkout
1001,dairy,fruit
1002,fruit,checkout
1003,fruit,checkout
1004,dairy,checkout
1005,dairy,checkout
1006,drinks,checkout
1007,spices,dairy
1008,dairy,checkout
1009,dairy,spices
1010,spices,dairy
1011,dairy,checkout
1012,dairy,checkout
1013,dairy,checkout
1014,fruit,dairy
1015,dairy,fruit
1016,fruit,dairy
1017,dairy,drinks
1018,drinks,fruit
1019,fruit,checkout
1020,fruit,spices
1021,spices,checkout
1022,fruit,dairy
1023,dairy,spices
1024,spices,dairy
1025,dairy,fruit
1026,fruit,spices
1027,spices,drinks
1028,drinks,checkout
1029,spices,checkout
1030,fruit,checkout
1031,fruit,checkout
1032,dairy,spices
1033,spices,dairy
1034,dairy,drinks
1035,drinks,checkout
1036,fruit,checkout
1037,drinks,dairy
1038,dairy,fruit
1039,fruit,drinks
1040,drinks,dairy
1041,dairy,drinks
1042,drinks,checkout
1043,fruit,checkout
1044,fruit,checkout
1045,fruit,drinks
1046,drinks,spices
1047,spices,dairy
1048,dairy,checkout
1049,dairy,fruit
1050,fruit,dairy
1051,dairy,checkout
1052,dairy,drinks
1053,drinks,fruit
1054,fruit,dairy
1055,dairy,fruit
1056,fruit,checkout
1057,fruit,checkout
1058,drinks,fruit
1059,fruit,checkout
1060,spices,checkout
1061,drinks,checkout
1062,fruit,checkout
1063,dairy,fruit
1064,fruit,drinks
1065,drinks,spices
1066,spices,drinks
1067,drinks,fruit
1068,fruit,spices
1069,spices,checkout
1070,fruit,dairy
1071,dairy,drinks
1072,drinks,checkout
1073,fruit,drinks
1074,drinks,spices
1075,spices,dairy
1076,dairy,drinks
1077,drinks,spices
1078,spices,dairy
1079,dairy,spices
1080,spices,checkout
1081,dairy,spices
1082,spices,fruit
1083,fruit,checkout
1084,dairy,checkout
1085,dairy,checkout
1086,dairy,fruit
1087,fruit,checkout
1088,spices,dairy
1089,dairy,fruit
1090,fruit,checkout
1091,dairy,drinks
1092,drinks,spices
1093,spices,checkout
1094,spices,fruit
1095,fruit,spices
1096,spices,dairy
1097,dairy,drinks
1098,drinks,checkout
1099,dairy,checkout
1100,fruit,checkout
1101,dairy,checkout
1102,drinks,checkout
1103,spices,checkout
1104,fruit,dairy
1105,dairy,checkout
1106,drinks,spices
1107,spices,dairy
1108,dairy,spices
1109,spices,fruit
1110,fruit,drinks
1111,drinks,checkout
1112,fruit,checkout
1113,fruit,checkout
1114,spices,drinks
1115,drinks,spices
1116,spices,drinks
1117,drinks,fruit
1118,fruit,checkout
1119,fruit,checkout
1120,dairy,fruit
1121,fruit,checkout
1122,dairy,checkout
1123,dairy,drinks
1124,drinks,spices
1125,spices,dairy
1126,dairy,spices
1127,spices,dairy
1128,dairy,fruit
1129,fruit,checkout
1130,dairy,drinks
1131,drinks,checkout
1132,fruit,checkout
1133,fruit,checkout
1134,fruit,dairy
1135,dairy,fruit
1136,fruit,dairy
1137,dairy,drinks
1138,drinks,fruit
1139,fruit,dairy
1140,dairy,checkout
1141,fruit,checkout
1142,fruit,dairy
1143,dairy,checkout
1144,spices,checkout
1145,spices,dairy
1146,dairy,spices
1147,spices,checkout
1148,fruit,checkout
1149,spices,dairy
1150,dairy,drinks
1151,drinks,checkout
1152,spices,checkout
1153,drinks,checkout
1154,spices,drinks
1155,drinks,fruit
1156,fruit,spices
1157,spices,fruit
1158,fruit,checkout
1159,fruit,checkout
1160,dairy,spices
1161,spices,dairy
1162,dairy,fruit
1163,fruit,checkout
1164,fruit,dairy
1165,dairy,drinks
1166,drinks,spices
1167,spices,fruit
1168,fruit,dairy
1169,dairy,checkout
1170,spices,dairy
1171,dairy,spices
1172,spices,checkout
1173,drinks,checkout
1174,dairy,spices
1175,spices,drinks
1176,drinks,checkout
1177,dairy,checkout
1178,fruit,spices
1179,spices,checkout
1180,dairy,spices
1181,spices,checkout
1182,spices,dairy
1183,dairy,drinks
1184,drinks,checkout
1185,fruit,checkout
1186,fruit,checkout
1187,dairy,drinks
1188,drinks,checkout
1189,dairy,fruit
1190,fruit,checkout
1191,fruit,checkout
1192,spices,checkout
1193,dairy,drinks
1194,drinks,spices
1195,spices,drinks
1196,drinks,fruit
1197,fruit,dairy
1198,dairy,spices
1199,spices,dairy
1200,dairy,fruit
1201,fruit,spices
1202,spices,dairy
1203,dairy,checkout
1204,drinks,fruit
1205,fruit,spices
1206,spices,drinks
1207,drinks,checkout
1208,dairy,checkout
1209,spices,drinks
1210,drinks,spices
1211,spices,dairy
1212,dairy,fruit
1213,fruit,checkout
1214,dairy,checkout
1215,fruit,checkout
1216,fruit,spices
1217,spices,dairy
1218,dairy,checkout
1219,spices,dairy
1220,dairy,checkout
1221,drinks,spices
1222,spices,drinks
1223,drinks,fruit
1224,fruit,checkout
1225,fruit,checkout
1226,fruit,checkout
1227,dairy,fruit
1228,fruit,checkout
1229,spices,drinks
1230,drinks,fruit
1231,fruit,drinks
1232,drinks,checkout
1233,fruit,checkout
1234,dairy,checkout
1235,fruit,checkout
1236,fruit,checkout
1237,dairy,checkout
1238,fruit,drinks
1239,drinks,checkout
1240,drinks,checkout
1241,fruit,dairy
1242,dairy,drinks
1243,drinks,spices
1244,spices,fruit
1245,fruit,spices
1246,spices,drinks
1247,drinks,spices
1248,spices,dairy
1249,dairy,fruit
1250,fruit,spices
1251,spices,fruit
1252,fruit,drinks
1253,drinks,fruit
1254,fruit,spices
1255,spices,fruit
1256,fruit,dairy
1257,dairy,checkout
1258,fruit,dairy
1259,dairy,drinks
1260,drinks,fruit
1261,fruit,checkout
1262,drinks,checkout
1263,fruit,checkout
1264,fruit,spices
1265,spices,drinks
1266,drinks,checkout
1267,spices,fruit
1268,fruit,dairy
1269,dairy,fruit
1270,fruit,checkout
1271,dairy,checkout
1272,dairy,spices
1273,spices,checkout
1274,fruit,dairy
1275,dairy,fruit
1276,fruit,spices
1277,spices,drinks
1278,drinks,checkout
1279,spices,dairy
1280,dairy,spices
1281,spices,dairy
1282,dairy,spices
1283,spices,drinks
1284,drinks,checkout
1285,fruit,spices
1286,spices,dairy
1287,dairy,fruit
1288,fruit,drinks
1289,drinks,checkout
1290,dairy,drinks
1291,drinks,checkout
1292,spices,fruit
1293,fruit,spices
1294,spices,dairy
1295,dairy,drinks
1296,drinks,spices
1297,spices,checkout
1298,drinks,fruit
1299,fruit,checkout
1300,dairy,checkout
1301,spices,drinks
1302,drinks,checkout
1303,fruit,checkout
1304,fruit,checkout
1305,dairy,spices
1306,spices,dairy
1307,dairy,spices
1308,spices,dairy
1309,dairy,fruit
1310,fruit,checkout
1311,dairy,fruit
1312,fruit,dairy
1313,dairy,spices
1314,spices,fruit
1315,fruit,checkout
1316,fruit,checkout
1317,spices,checkout
1318,dairy,fruit
1319,fruit,drinks
1320,drinks,fruit
1321,fruit,checkout
1322,spices,dairy
1323,dairy,checkout
1324,fruit,checkout
1325,spices,checkout
1326,fruit,drinks
1327,drinks,checkout
1328,spices,drinks
1329,drinks,checkout
1330,fruit,drinks
1331,drinks,checkout
1332,fruit,checkout
1333,dairy,checkout
1334,drinks,spices
1335,spices,dairy
1336,dairy,checkout
1337,spices,dairy
1338,dairy,spices
1339,spices,dairy
1340,dairy,spices
1341,spices,dairy
1342,dairy,drinks
1343,drinks,checkout
1344,spices,checkout
1345,spices,dairy
1346,dairy,checkout
1347,drinks,checkout
1348,dairy,fruit
1349,fruit,checkout
1350,fruit,checkout
1351,fruit,spices
1352,spices,dairy
1353,dairy,fruit
1354,fruit,dairy
1355,dairy,drinks
1356,drinks,fruit
1357,fruit,spices
1358,spices,dairy
1359,dairy,checkout
1360,spices,dairy
1361,dairy,fruit
1362,fruit,dairy
1363,dairy,fruit
1364,fruit,checkout
1365,dairy,checkout
1366,fruit,spices
1367,spices,dairy
1368,dairy,checkout
1369,dairy,spices
1370,spices,dairy
1371,dairy,spices
1372,spices,checkout
1373,fruit,checkout
1374,fruit,dairy
1375,dairy,checkout
1376,dairy,fruit
1377,fruit,checkout
1378,spices,fruit
1379,fruit,spices
1380,spices,fruit
1381,fruit,checkout
1382,drinks,checkout
1383,fruit,checkout
1384,dairy,drinks
1385,drinks,spices
1386,spices,dairy
1387,dairy,checkout
1388,spices,dairy
1389,dairy,checkout
1390,fruit,checkout
1391,spices,checkout
1392,fruit,dairy
1393,dairy,fruit
1394,fruit,drinks
1395,drinks,spices
1396,spices,drinks
1397,drinks,checkout
1398,fruit,checkout
1399,drinks,fruit
1400,fruit,checkout
1401,fruit,dairy
1402,dairy,checkout
1403,spices,checkout
1404,fruit,checkout
1405,dairy,spices
1406,spices,dairy
1407,dairy,spices
1408,spices,dairy
1409,dairy,drinks
1410,drinks,checkout
1411,dairy,spices
1412,spices,dairy
1413,dairy,fruit
1414,fruit,drinks
1415,drinks,fruit
1416,fruit,spices
1417,spices,fruit
1418,fruit,spices
1419,spices,fruit
1420,fruit,checkout
1421,fruit,dairy
1422,dairy,checkout
1423,drinks,fruit
1424,fruit,drinks
1425,drinks,checkout
1426,drinks,fruit
1427,fruit,checkout
1428,drinks,checkout
1429,drinks,fruit
1430,fruit,spices
1431,spices,dairy
1432,dairy,checkout
1433,spices,drinks
1434,drinks,checkout
1435,dairy,spices
1436,spices,dairy
1437,dairy,spices
1438,spices,fruit
1439,fruit,checkout
1440,fruit,checkout
1441,fruit,checkout
1442,fruit,drinks
1443,drinks,checkout
1444,fruit,dairy
1445,dairy,checkout
1446,fruit,dairy
1447,dairy,spices
1448,spices,checkout
1449,drinks,fruit
1450,fruit,drinks
1451,drinks,fruit
1452,fruit,checkout
1453,spices,checkout
1454,spices,drinks
1455,drinks,checkout
1456,fruit,spices
1457,spices,drinks
1458,drinks,spices
1459,spices,checkout
1460,dairy,checkout
1461,dairy,fruit
1462,fruit,checkout
1463,spices,dairy
1464,dairy,fruit
1465,fruit,checkout
1466,fruit,checkout
1467,drinks,checkout
1468,drinks,checkout
1469,fruit,checkout
1470,spices,fruit
1471,fruit,checkout
1472,dairy,checkout
1473,fruit,checkout
1474,fruit,dairy
1475,dairy,checkout
1476,spices,checkout
1477,fruit,checkout
1478,spices,drinks
1479,drinks,checkout
1480,dairy,checkout
1481,fruit,dairy
1482,dairy,checkout
1483,fruit,checkout
1484,spices,dairy
1485,dairy,spices
1486,spices,fruit
1487,fruit,dairy
1488,dairy,checkout
1489,fruit,checkout
1490,fruit,checkout
1491,dairy,fruit
1492,fruit,spices
1493,spices,checkout
1494,drinks,checkout
1495,spices,checkout
1496,spices,checkout
1497,fruit,checkout
1498,dairy,spices
1499,spices,dairy
1500,dairy,fruit
1501,fruit,checkout
1502,fruit,checkout
1503,dairy,fruit
1504,fruit,checkout
1505,spices,dairy
1506,dairy,fruit
1507,fruit,dairy
1508,dairy,checkout
1509,drinks,checkout
1510,fruit,drinks
1511,drinks,fruit
1512,fruit,dairy
1513,dairy,fruit
1514,fruit,checkout
1515,dairy,fruit
1516,fruit,checkout
1517,dairy,checkout
1518,spices,fruit
1519,fruit,checkout
1520,dairy,checkout
1521,fruit,drinks
1522,drinks,fruit
1523,fruit,checkout
1524,fruit,checkout
1525,fruit,drinks
1526,drinks,checkout
1527,spices,checkout
1528,drinks,checkout
1529,spices,dairy
1530,dairy,checkout
1531,spices,drinks
1532,drinks,checkout
1533,fruit,drinks
1534,drinks,spices
1535,spices,checkout
1536,spices,fruit
1537,fruit,drinks
1538,drinks,checkout
1539,spices,checkout
1540,spices,dairy
1541,dairy,fruit
1542,fruit,drinks
1543,drinks,checkout
1544,fruit,checkout
1545,fruit,checkout
1546,dairy,checkout
1547,drinks,checkout
1548,fruit,checkout
1549,fruit,dairy
1550,dairy,checkout
1551,dairy,drinks
1552,drinks,checkout
1553,dairy,spices
1554,spices,drinks
1555,drinks,spices
1556,spices,checkout
1557,dairy,fruit
1558,fruit,checkout
1559,spices,drinks
1560,drinks,spices
1561,spices,dairy
1562,dairy,checkout
1563,dairy,checkout
1564,fruit,checkout
1565,fruit,checkout
1566,fruit,dairy
1567,dairy,spices
1568,spices,fruit
1569,fruit,checkout
1570,fruit,dairy
1571,dairy,fruit
1572,fruit,checkout
1573,fruit,checkout
1574,spices,checkout
1575,dairy,drinks
1576,drinks,fruit
1577,fruit,dairy
1578,dairy,spices
1579,spices,fruit
1580,fruit,dairy
1581,dairy,drinks
1582,drinks,spices
1583,spices,dairy
1584,dairy,drinks
1585,drinks,fruit
1586,fruit,checkout
1587,fruit,drinks
1588,drinks,checkout
1589,spices,checkout
1590,fruit,spices
1591,spices,fruit
1592,fruit,dairy
1593,dairy,spices
1594,spices,checkout
1595,dairy,checkout
1596,dairy,fruit
1597,fruit,checkout
1598,drinks,checkout
1599,drinks,spices
1600,spices,dairy
1601,dairy,checkout
1602,dairy,checkout
1603,fruit,drinks
1604,drinks,checkout
1605,spices,dairy
1606,dairy,checkout
1607,dairy,checkout
1608,spices,drinks
1609,drinks,checkout
1610,dairy,fruit
1611,fruit,checkout
1612,fruit,spices
1613,spices,dairy
1614,dairy,checkout
1615,dairy,checkout
1616,dairy,fruit
1617,fruit,dairy
1618,dairy,fruit
1619,fruit,drinks
1620,drinks,checkout
1621,dairy,checkout
1622,fruit,checkout
1623,dairy,drinks
1624,drinks,checkout
1625,dairy,checkout
1626,dairy,checkout
1627,spices,fruit
1628,fruit,spices
1629,spices,dairy
1630,dairy,spices
1631,spices,dairy
1632,dairy,checkout
1633,dairy,spices
1634,spices,dairy
1635,dairy,drinks
1636,drinks,checkout
1637,fruit,checkout
1638,dairy,fruit
1639,fruit,checkout
1640,spices,dairy
1641,dairy,fruit
1642,fruit,spices
1643,spices,checkout
1644,fruit,checkout
1645,drinks,spices
1646,spices,dairy
1647,dairy,fruit
1648,fruit,checkout
1649,fruit,spices
1650,spices,drinks
1651,drinks,fruit
1652,fruit,dairy
1653,dairy,fruit
1654,fruit,checkout
1655,spices,dairy
1656,dairy,spices
1657,spices,drinks
1658,drinks,checkout
1659,spices,dairy
1660,dairy,fruit
1661,fruit,checkout
1662,dairy,spices
1663,spices,fruit
1664,fruit,drinks
1665,drinks,checkout
1666,dairy,drinks
1667,drinks,fruit
1668,fruit,dairy
1669,dairy,fruit
1670,fruit,checkout
1671,spices,checkout
1672,fruit,drinks
1673,drinks,checkout
1674,fruit,spices
1675,spices,dairy
1676,dairy,checkout
1677,dairy,checkout
1678,dairy,drinks
1679,drinks,spices
1680,spices,drinks
1681,drinks,checkout
1682,spices,fruit
1683,fruit,checkout
1684,dairy,fruit
1685,fruit,checkout
1686,drinks,checkout
1687,spices,checkout
1688,dairy,spices
1689,spices,dairy
1690,dairy,checkout
1691,drinks,dairy
1692,dairy,drinks
1693,drinks,fruit
1694,fruit,checkout
1695,dairy,spices
1696,spices,drinks
1697,drinks,checkout
1698,spices,drinks
1699,drinks,checkout
1700,fruit,drinks
1701,drinks,checkout
1702,spices,dairy
1703,dairy,drinks
1704,drinks,checkout
1705,spices,drinks
1706,drinks,fruit
1707,fruit,checkout
1708,fruit,checkout
1709,dairy,checkout
1710,spices,fruit
1711,fruit,checkout
1712,spices,drinks
1713,drinks,spices
1714,spices,drinks
1715,drinks,spices
1716,spices,checkout
1717,spices,drinks
1718,drinks,fruit
1719,fruit,dairy
1720,dairy,fruit
1721,fruit,dairy
1722,dairy,checkout
1723,fruit,spices
1724,spices,drinks
1725,drinks,checkout
1726,fruit,spices
1727,spices,checkout
1728,dairy,drinks
1729,drinks,spices
1730,spices,dairy
1731,dairy,spices
1732,spices,drinks
1733,drinks,checkout
1734,fruit,spices
1735,spices,fruit
1736,fruit,drinks
1737,drinks,fruit
1738,fruit,checkout
1739,dairy,checkout
1740,dairy,fruit
1741,fruit,checkout
1742,spices,dairy
1743,dairy,spices
1744,spices,checkout
1745,fruit,checkout
1746,drinks,fruit
1747,fruit,dairy
1748,dairy,fruit
1749,fruit,checkout
1750,spices,dairy
1751,dairy,checkout
1752,fruit,checkout
1753,dairy,drinks
1754,drinks,spices
1755,spices,fruit
1756,fruit,checkout
1757,fruit,checkout
1758,dairy,drinks
1759,drinks,checkout
1760,dairy,checkout
1761,dairy,drinks
1762,drinks,spices
1763,spices,dairy
1764,dairy,checkout
1765,fruit,checkout
1766,dairy,checkout
1767,fruit,checkout
1768,fruit,checkout
1769,fruit,spices
1770,spices,drinks
1771,drinks,checkout
1772,spices,dairy
1773,dairy,checkout
1774,dairy,fruit
1775,fruit,dairy
1776,dairy,checkout
1777,dairy,checkout
1778,drinks,checkout
1779,fruit,spices
1780,spices,checkout
1781,spices,drinks
1782,drinks,checkout
1783,fruit,dairy
1784,dairy,checkout
1785,spices,drinks
1786,drinks,checkout
1787,dairy,checkout
1788,drinks,fruit
1789,fruit,dairy
1790,dairy,spices
1791,spices,drinks
1792,drinks,checkout
1793,fruit,dairy
1794,dairy,fruit
1795,fruit,dairy
1796,dairy,drinks
1797,drinks,fruit
1798,fruit,checkout
1799,dairy,fruit
1800,fruit,checkout
1801,dairy,spices
1802,spices,drinks
1803,drinks,spices
1804,spices,fruit
1805,fruit,checkout
1806,spices,fruit
1807,fruit,checkout
1808,dairy,checkout
1809,fruit,checkout
1810,dairy,checkout
1811,drinks,fruit
1812,fruit,checkout
1813,fruit,dairy
1814,dairy,drinks
1815,drinks,spices
1816,spices,fruit
1817,fruit,drinks
1818,drinks,spices
1819,spices,drinks
1820,drinks,checkout
1821,spices,dairy
1822,dairy,checkout
1823,spices,drinks
1824,drinks,spices
1825,spices,dairy
1826,dairy,drinks
1827,drinks,spices
1828,spices,dairy
1829,dairy,drinks
1830,drinks,fruit
1831,fruit,dairy
1832,dairy,spices
1833,spices,checkout
1834,spices,fruit
1835,fruit,dairy
1836,dairy,fruit
1837,fruit,drinks
1838,drinks,checkout
1839,fruit,checkout
1840,dairy,drinks
1841,drinks,fruit
1842,fruit,checkout
1843,drinks,checkout
1844,fruit,spices
1845,spices,dairy
1846,dairy,spices
1847,spices,fruit
1848,fruit,spices
1849,spices,fruit
1850,fruit,spices
1851,spices,dairy
1852,dairy,checkout
1853,fruit,checkout
1854,dairy,drinks
1855,drinks,fruit
1856,fruit,spices
1857,spices,checkout
1858,dairy,spices
1859,spices,dairy
1860,dairy,fruit
1861,fruit,checkout
1862,fruit,checkout
1863,fruit,drinks
1864,drinks,fruit
1865,fruit,dairy
1866,dairy,fruit
1867,fruit,checkout
1868,fruit,checkout
1869,fruit,checkout
1870,fruit,checkout
1871,fruit,spices
1872,spices,drinks
1873,drinks,checkout
1874,fruit,checkout
1875,dairy,spices
1876,spices,drinks
1877,drinks,checkout
1878,fruit,checkout
1879,dairy,spices
1880,spices,drinks
1881,drinks,checkout
1882,fruit,dairy
1883,dairy,checkout
1884,fruit,checkout
1885,dairy,fruit
1886,fruit,dairy
1887,dairy,spices
1888,spices,dairy
1889,dairy,fruit
1890,fruit,spices
1891,spices,checkout
1892,spices,dairy
1893,dairy,fruit
1894,fruit,dairy
1895,dairy,fruit
1896,fruit,drinks
1897,drinks,spices
1898,spices,fruit
1899,fruit,spices
1900,spices,checkout
1901,spices,drinks
1902,drinks,checkout
1903,dairy,spices
1904,spices,dairy
1905,dairy,drinks
1906,drinks,fruit
1907,fruit,checkout
1908,fruit,checkout
1909,dairy,spices
1910,spices,fruit
1911,fruit,dairy
1912,dairy,checkout
1913,dairy,fruit
1914,fruit,checkout
1915,fruit,checkout
1916,fruit,checkout
1917,dairy,spices
1918,spices,drinks
1919,drinks,checkout
1920,fruit,checkout
1921,fruit,dairy
1922,dairy,fruit
1923,fruit,checkout
1924,spices,fruit
1925,fruit,checkout
1926,fruit,drinks
1927,drinks,spices
1928,spices,drinks
1929,drinks,spices
1930,spices,checkout
1931,dairy,fruit
1932,fruit,checkout
1933,dairy,fruit
1934,fruit,dairy
1935,dairy,spices
1936,spices,drinks
1937,drinks,checkout
1938,fruit,drinks
1939,drinks,checkout
1940,dairy,checkout
1941,fruit,dairy
1942,dairy,checkout
1943,drinks,checkout
1944,fruit,checkout
1945,drinks,spices
1946,spices,dairy
1947,dairy,checkout
1948,fruit,checkout
1949,fruit,dairy
1950,dairy,checkout
1951,dairy,spices
1952,spices,checkout
1953,spices,drinks
1954,drinks,checkout
1955,dairy,drinks
1956,drinks,checkout
1957,fruit,checkout
1958,fruit,drinks
1959,drinks,spices
1960,spices,dairy
1961,dairy,drinks
1962,drinks,checkout
1963,drinks,checkout
1964,dairy,checkout
1965,spices,drinks
1966,drinks,dairy
1967,dairy,fruit
1968,fruit,checkout
1969,dairy,spices
1970,spices,checkout
1971,drinks,fruit
1972,fruit,drinks
1973,drinks,spices
1974,spices,fruit
1975,fruit,checkout
1976,fruit,spices
1977,spices,checkout
1978,fruit,drinks
1979,drinks,checkout
1980,fruit,checkout
1981,fruit,checkout
1982,fruit,dairy
1983,dairy,drinks
1984,drinks,checkout
1985,fruit,checkout
1986,fruit,checkout
1987,fruit,checkout
1988,drinks,checkout
1989,spices,dairy
1990,dairy,fruit
1991,fruit,dairy
1992,dairy,fruit
1993,fruit,checkout
1994,dairy,drinks
1995,drinks,checkout
1996,drinks,spices
1997,spices,dairy
1998,dairy,spices
1999,spices,checkout
2000,spices,drinks
2001,drinks,checkout
2002,spices,fruit
2003,fruit,checkout
2004,dairy,drinks
2005,drinks,fruit
2006,fruit,drinks
2007,drinks,fruit
2008,fruit,checkout
2009,dairy,checkout
2010,fruit,spices
2011,spices,drinks
2012,drinks,fruit
2013,fruit,checkout
2014,dairy,drinks
2015,drinks,checkout
2016,drinks,checkout
2017,dairy,drinks
2018,drinks,fruit
2019,fruit,spices
2020,spices,fruit
2021,fruit,dairy
2022,dairy,spices
2023,spices,fruit
2024,fruit,spices
2025,spices,dairy
2026,dairy,checkout
2027,spices,drinks
2028,drinks,fruit
2029,fruit,checkout
2030,fruit,dairy
2031,dairy,drinks
2032,drinks,fruit
2033,fruit,checkout
2034,dairy,checkout
2035,dairy,checkout
2036,dairy,checkout
2037,fruit,dairy
2038,dairy,fruit
2039,fruit,checkout
2040,drinks,spices
2041,spices,drinks
2042,drinks,checkout
2043,dairy,drinks
2044,drinks,checkout
2045,fruit,dairy
2046,dairy,fruit
2047,fruit,dairy
2048,dairy,spices
2049,spices,drinks
2050,drinks,spices
2051,spices,dairy
2052,dairy,checkout
2053,spices,dairy
2054,dairy,drinks
2055,drinks,fruit
2056,fruit,checkout
2057,drinks,checkout
2058,dairy,fruit
2059,fruit,checkout
2060,drinks,spices
2061,spices,drinks
2062,drinks,checkout
2063,fruit,checkout
2064,drinks,spices
2065,spices,drinks
2066,drinks,fruit
2067,fruit,checkout
2068,dairy,checkout
2069,spices,fruit
2070,fruit,checkout
2071,dairy,checkout
2072,dairy,drinks
2073,drinks,fruit
2074,fruit,checkout
2075,fruit,drinks
2076,drinks,spices
2077,spices,checkout
2078,fruit,dairy
2079,dairy,drinks
2080,drinks,checkout
2081,fruit,checkout
2082,fruit,spices
2083,spices,fruit
2084,fruit,checkout
2085,drinks,checkout
2086,spices,drinks
2087,drinks,checkout
2088,drinks,spices
2089,spices,fruit
2090,fruit,checkout
2091,dairy,checkout
2092,spices,checkout
2093,spices,dairy
2094,dairy,spices
2095,spices,dairy
2096,dairy,spices
2097,spices,dairy
2098,dairy,drinks
2099,drinks,checkout
2100,fruit,dairy
2101,dairy,checkout
2102,drinks,fruit
2103,fruit,dairy
2104,dairy,checkout
2105,fruit,checkout
2106,fruit,dairy
2107,dairy,fruit
2108,fruit,drinks
2109,drinks,checkout
2110,fruit,dairy
2111,dairy,fruit
2112,fruit,checkout
2113,drinks,checkout
2114,drinks,fruit
2115,fruit,checkout
2116,drinks,checkout
2117,spices,dairy
2118,dairy,checkout
2119,spices,drinks
2120,drinks,fruit
2121,fruit,spices
2122,spices,checkout
2123,dairy,checkout
2124,fruit,checkout
2125,dairy,checkout
2126,fruit,spices
2127,spices,dairy
2128,dairy,fruit
2129,fruit,spices
2130,spices,checkout
2131,dairy,drinks
2132,drinks,checkout
2133,spices,dairy
2134,dairy,checkout
2135,dairy,drinks
2136,drinks,spices
2137,spices,dairy
2138,dairy,fruit
2139,fruit,checkout
2140,fruit,checkout
2141,spices,drinks
2142,drinks,checkout
2143,dairy,checkout
2144,dairy,checkout
2145,spices,drinks
2146,drinks,fruit
2147,fruit,spices
2148,spices,dairy
2149,dairy,checkout
2150,fruit,drinks
2151,drinks,spices
2152,spices,drinks
2153,drinks,checkout
2154,dairy,drinks
2155,drinks,spices
2156,spices,drinks
2157,drinks,spices
2158,spices,drinks
2159,drinks,checkout
2160,fruit,spices
2161,spices,drinks
2162,drinks,checkout
2163,fruit,checkout
2164,spices,checkout
2165,fruit,checkout
2166,drinks,checkout
2167,fruit,checkout
2168,spices,checkout
2169,dairy,drinks
2170,drinks,checkout
2171,fruit,checkout
2172,fruit,checkout
2173,dairy,drinks
2174,drinks,spices
2175,spices,fruit
2176,fruit,checkout
2177,dairy,drinks
2178,drinks,fruit
2179,fruit,checkout
2180,spices,checkout
2181,spices,fruit
2182,fruit,spices
2183,spices,drinks
2184,drinks,checkout
2185,spices,drinks
2186,drinks,fruit
2187,fruit,checkout
2188,spices,drinks
2189,drinks,spices
2190,spices,fruit
2191,fruit,checkout
2192,fruit,checkout
2193,fruit,checkout
2194,spices,drinks
2195,drinks,spices
2196,spices,checkout
2197,spices,fruit
2198,fruit,checkout
2199,spices,dairy
2200,dairy,checkout
2201,fruit,dairy
2202,dairy,fruit
2203,fruit,dairy
2204,dairy,drinks
2205,drinks,checkout
2206,spices,checkout
2207,drinks,spices
2208,spices,fruit
2209,fruit,drinks
2210,drinks,checkout
2211,fruit,checkout
2212,spices,drinks
2213,drinks,spices
2214,spices,dairy
2215,dairy,drinks
2216,drinks,checkout
2217,spices,checkout
2218,spices,checkout
2219,dairy,drinks
2220,drinks,dairy
2221,dairy,drinks
2222,drinks,checkout
2223,fruit,spices
2224,spices,drinks
2225,drinks,fruit
2226,fruit,drinks
2227,drinks,checkout
2228,spices,dairy
2229,dairy,drinks
2230,drinks,checkout
2231,spices,fruit
2232,fruit,dairy
2233,dairy,spices
2234,spices,drinks
2235,drinks,checkout
2236,fruit,checkout
2237,dairy,drinks
2238,drinks,checkout
2239,spices,dairy
2240,dairy,checkout
2241,dairy,checkout
2242,fruit,checkout
2243,fruit,spices
2244,spices,dairy
2245,dairy,checkout
2246,fruit,checkout
2247,dairy,fruit
2248,fruit,checkout
2249,dairy,checkout
2250,spices,checkout
2251,fruit,dairy
2252,dairy,drinks
2253,drinks,checkout
2254,dairy,drinks
2255,drinks,spices
2256,spices,drinks
2257,drinks,spices
2258,spices,checkout
2259,fruit,checkout
2260,dairy,checkout
2261,drinks,checkout
2262,drinks,fruit
2263,fruit,drinks
2264,drinks,checkout
2265,dairy,drinks
2266,drinks,checkout
2267,fruit,dairy
2268,dairy,checkout
2269,dairy,fruit
2270,fruit,drinks
2271,drinks,fruit
2272,fruit,spices
2273,spices,dairy
2274,dairy,drinks
2275,drinks,checkout
2276,dairy,spices
2277,spices,dairy
2278,dairy,checkout
2279,fruit,dairy
2280,dairy,fruit
2281,fruit,dairy
2282,dairy,fruit
2283,fruit,dairy
2284,dairy,checkout
2285,fruit,dairy
2286,dairy,fruit
2287,fruit,checkout
2288,fruit,checkout
2289,dairy,drinks
2290,drinks,checkout
2291,drinks,spices
2292,spices,dairy
2293,dairy,checkout
2294,spices,dairy
2295,dairy,fruit
2296,fruit,drinks
2297,drinks,spices
2298,spices,drinks
2299,drinks,spices
2300,spices,dairy
2301,dairy,fruit
2302,fruit,checkout
2303,fruit,checkout
2304,spices,drinks
2305,drinks,fruit
2306,fruit,checkout
2307,drinks,checkout
2308,fruit,spices
2309,spices,dairy
2310,dairy,drinks
2311,drinks,checkout
2312,dairy,fruit
2313,fruit,checkout
2314,dairy,checkout
2315,fruit,checkout
2316,dairy,fruit
2317,fruit,checkout
2318,dairy,spices
2319,spices,drinks
2320,drinks,spices
2321,spices,checkout
2322,drinks,checkout
2323,fruit,checkout
2324,dairy,checkout
2325,fruit,checkout
2326,spices,checkout
2327,fruit,checkout
2328,drinks,checkout
2329,dairy,checkout
2330,dairy,fruit
2331,fruit,checkout
2332,fruit,dairy
2333,dairy,fruit
2334,fruit,spices
2335,spices,fruit
2336,fruit,checkout
2337,fruit,drinks
2338,drinks,spices
2339,spices,drinks
2340,drinks,fruit
2341,fruit,spices
2342,spices,dairy
2343,dairy,fruit
2344,fruit,dairy
2345,dairy,checkout
2346,dairy,checkout
2347,fruit,dairy
2348,dairy,checkout
2349,fruit,checkout
2350,spices,dairy
2351,dairy,spices
2352,spices,dairy
2353,dairy,checkout
2354,fruit,dairy
2355,dairy,drinks
2356,drinks,spices
2357,spices,drinks
2358,drinks,fruit
2359,fruit,dairy
2360,dairy,checkout
2361,dairy,checkout
2362,dairy,fruit
2363,fruit,checkout
2364,dairy,drinks
2365,drinks,fruit
2366,fruit,checkout
2367,fruit,checkout
2368,fruit,drinks
2369,drinks,checkout
2370,fruit,dairy
2371,dairy,drinks
2372,drinks,checkout
2373,fruit,dairy
2374,dairy,drinks
2375,drinks,checkout
2376,fruit,checkout
2377,spices,fruit
2378,fruit,drinks
2379,drinks,checkout
2380,drinks,fruit
2381,fruit,checkout
2382,drinks,fruit
2383,fruit,dairy
2384,dairy,checkout
2385,drinks,checkout
2386,drinks,checkout
2387,fruit,dairy
2388,dairy,fruit
2389,fruit,dairy
2390,dairy,fruit
2391,fruit,drinks
2392,drinks,checkout
2393,drinks,checkout
2394,drinks,dairy
2395,dairy,drinks
2396,drinks,checkout
2397,dairy,fruit
2398,fruit,dairy
2399,dairy,drinks
2400,drinks,fruit
2401,fruit,checkout
2402,fruit,dairy
2403,dairy,drinks
2404,drinks,checkout
2405,fruit,checkout
2406,fruit,checkout
2407,fruit,spices
2408,spices,dairy
2409,dairy,spices
2410,spices,drinks
2411,drinks,spices
2412,spices,drinks
2413,drinks,spices
2414,spices,checkout
2415,fruit,checkout
2416,fruit,drinks
2417,drinks,checkout
2418,drinks,checkout
2419,fruit,drinks
2420,drinks,spices
2421,spices,fruit
2422,fruit,dairy
2423,dairy,checkout
2424,dairy,checkout
2425,dairy,fruit
2426,fruit,checkout
2427,dairy,drinks
2428,drinks,checkout
2429,fruit,checkout
2430,drinks,checkout
2431,fruit,dairy
2432,dairy,checkout
2433,drinks,checkout
2434,fruit,spices
2435,spices,dairy
2436,dairy,fruit
2437,fruit,checkout
2438,dairy,fruit
2439,fruit,checkout
2440,fruit,checkout
2441,spices,fruit
2442,fruit,checkout
2443,dairy,drinks
2444,drinks,checkout
2445,spices,checkout
2446,dairy,drinks
2447,drinks,fruit
2448,fruit,checkout
2449,dairy,spices
2450,spices,checkout
2451,drinks,dairy
2452,dairy,drinks
2453,drinks,spices
2454,spices,dairy
2455,dairy,drinks
2456,drinks,checkout
2457,dairy,checkout
2458,fruit,spices
2459,spices,drinks
2460,drinks,checkout
2461,drinks,spices
2462,spices,dairy
2463,dairy,checkout
2464,fruit,checkout
2465,spices,drinks
2466,drinks,checkout
2467,fruit,drinks
2468,drinks,fruit
2469,fruit,checkout
2470,fruit,spices
2471,spices,drinks
2472,drinks,checkout
2473,dairy,fruit
2474,fruit,checkout
2475,fruit,checkout
2476,fruit,dairy
2477,dairy,checkout
2478,dairy,spices
2479,spices,drinks
2480,drinks,checkout
2481,fruit,checkout
2482,spices,checkout
2483,fruit,checkout
2484,fruit,spices
2485,spices,fruit
2486,fruit,checkout
2487,fruit,checkout
2488,drinks,checkout
2489,dairy,spices
2490,spices,dairy
2491,dairy,spices
2492,spices,checkout
2493,drinks,dairy
2494,dairy,drinks
2495,drinks,checkout
2496,fruit,dairy
2497,dairy,fruit
2498,fruit,spices
2499,spices,drinks
2500,drinks,checkout
2501,spices,dairy
2502,dairy,spices
2503,spices,checkout
2504,dairy,drinks
2505,drinks,checkout
2506,dairy,spices
2507,spices,dairy
2508,dairy,drinks
2509,drinks,fruit
2510,fruit,checkout
2511,dairy,drinks
2512,drinks,fruit
2513,fruit,drinks
2514,drinks,checkout
2515,drinks,spices
2516,spices,dairy
2517,dairy,checkout
2518,dairy,spices
2519,spices,checkout
2520,dairy,fruit
2521,fruit,checkout
2522,dairy,spices
2523,spices,checkout
2524,spices,drinks
2525,drinks,fruit
2526,fruit,checkout
2527,fruit,drinks
2528,drinks,fruit
2529,fruit,checkout
2530,dairy,fruit
2531,fruit,drinks
2532,drinks,spices
2533,spices,drinks
2534,drinks,checkout
2535,dairy,drinks
2536,drinks,spices
2537,spices,fruit
2538,fruit,checkout
2539,fruit,spices
2540,spices,dairy
2541,dairy,fruit
2542,fruit,checkout
2543,drinks,checkout
2544,dairy,spices
2545,spices,dairy
2546,dairy,spices
2547,spices,drinks
2548,drinks,checkout
2549,spices,drinks
2550,drinks,checkout
2551,fruit,checkout
2552,drinks,checkout
2553,spices,checkout
2554,fruit,checkout
2555,dairy,checkout
2556,drinks,fruit
2557,fruit,drinks
2558,drinks,checkout
2559,dairy,fruit
2560,fruit,spices
2561,spices,checkout
2562,dairy,drinks
2563,drinks,checkout
2564,fruit,checkout
2565,fruit,checkout
2566,fruit,dairy
2567,dairy,checkout
2568,drinks,fruit
2569,fruit,checkout
2570,dairy,checkout
2571,dairy,drinks
2572,drinks,spices
2573,spices,fruit
2574,fruit,dairy
2575,dairy,spices
2576,spices,fruit
2577,fruit,dairy
2578,dairy,checkout
2579,dairy,checkout
2580,fruit,dairy
2581,dairy,spices
2582,spices,fruit
2583,fruit,checkout
2584,dairy,spices
2585,spices,checkout
2586,fruit,checkout
2587,dairy,drinks
2588,drinks,checkout
2589,drinks,fruit
2590,fruit,drinks
2591,drinks,fruit
2592,fruit,checkout
2593,dairy,drinks
2594,drinks,checkout
2595,spices,drinks
2596,drinks,fruit
2597,fruit,dairy
2598,dairy,checkout
2599,fruit,checkout
2600,fruit,checkout
2601,fruit,checkout
2602,fruit,checkout
2603,drinks,checkout
2604,fruit,checkout
2605,spices,drinks
2606,drinks,spices
2607,spices,dairy
2608,dairy,drinks
2609,drinks,checkout
2610,fruit,checkout
2611,spices,drinks
2612,drinks,fruit
2613,fruit,drinks
2614,drinks,checkout
2615,drinks,fruit
2616,fruit,dairy
2617,dairy,spices
2618,spices,dairy
2619,dairy,spices
2620,spices,dairy
2621,dairy,checkout
2622,fruit,checkout
2623,dairy,fruit
2624,fruit,checkout
2625,fruit,checkout
2626,dairy,spices
2627,spices,dairy
2628,dairy,checkout
2629,fruit,checkout
2630,dairy,drinks
2631,drinks,spices
2632,spices,drinks
2633,drinks,checkout
2634,dairy,spices
2635,spices,dairy
2636,dairy,checkout
2637,spices,checkout
2638,spices,drinks
2639,drinks,checkout
2640,fruit,checkout
2641,dairy,fruit
2642,fruit,checkout
2643,spices,drinks
2644,drinks,checkout
2645,dairy,fruit
2646,fruit,checkout
2647,dairy,drinks
2648,drinks,fruit
2649,fruit,drinks
2650,drinks,checkout
2651,drinks,spices
2652,spices,drinks
2653,drinks,checkout
2654,fruit,drinks
2655,drinks,spices
2656,spices,drinks
2657,drinks,checkout
2658,spices,drinks
2659,drinks,checkout
2660,drinks,fruit
2661,fruit,checkout
2662,spices,dairy
2663,dairy,checkout
2664,spices,dairy
2665,dairy,drinks
2666,drinks,checkout
2667,fruit,dairy
2668,dairy,drinks
2669,drinks,checkout
2670,fruit,checkout
2671,dairy,drinks
2672,drinks,checkout
2673,fruit,drinks
2674,drinks,fruit
2675,fruit,checkout
2676,fruit,checkout
2677,fruit,checkout
2678,drinks,checkout
2679,fruit,dairy
2680,dairy,spices
2681,spices,checkout
2682,drinks,fruit
2683,fruit,checkout
2684,spices,drinks
2685,drinks,checkout
2686,spices,checkout
2687,dairy,checkout
2688,dairy,checkout
2689,fruit,dairy
2690,dairy,spices
2691,spices,fruit
2692,fruit,checkout
2693,drinks,checkout
2694,fruit,drinks
2695,drinks,fruit
2696,fruit,checkout
2697,dairy,checkout
2698,drinks,checkout
2699,spices,drinks
2700,drinks,checkout
2701,drinks,checkout
2702,dairy,checkout
2703,fruit,dairy
2704,dairy,checkout
2705,drinks,fruit
2706,fruit,checkout
2707,fruit,checkout
2708,dairy,checkout
2709,drinks,checkout
2710,spices,checkout
2711,dairy,spices
2712,spices,drinks
2713,drinks,checkout
2714,spices,drinks
2715,drinks,checkout
2716,dairy,drinks
2717,drinks,fruit
2718,fruit,checkout
2719,dairy,fruit
2720,fruit,checkout
2721,drinks,checkout
2722,fruit,spices
2723,spices,dairy
2724,dairy,fruit
2725,fruit,checkout
2726,spices,drinks
2727,drinks,checkout
2728,fruit,dairy
2729,dairy,fruit
2730,fruit,spices
2731,spices,dairy
2732,dairy,spices
2733,spices,checkout
2734,dairy,spices
2735,spices,drinks
2736,drinks,checkout
2737,fruit,dairy
2738,dairy,fruit
2739,fruit,spices
2740,spices,dairy
2741,dairy,spices
2742,spices,checkout
2743,dairy,spices
2744,spices,dairy
2745,dairy,drinks
2746,drinks,checkout
2747,drinks,spices
2748,spices,checkout
2749,dairy,checkout
2750,fruit,dairy
2751,dairy,drinks
2752,drinks,fruit
2753,fruit,dairy
2754,dairy,drinks
2755,drinks,checkout
2756,spices,dairy
2757,dairy,spices
2758,spices,dairy
2759,dairy,drinks
2760,drinks,fruit
2761,fruit,checkout
2762,drinks,checkout
2763,dairy,spices
2764,spices,drinks
2765,drinks,checkout
2766,dairy,checkout
2767,drinks,checkout
2768,fruit,checkout
2769,spices,drinks
2770,drinks,spices
2771,spices,dairy
2772,dairy,drinks
2773,drinks,spices
2774,spices,checkout
2775,fruit,dairy
2776,dairy,spices
2777,spices,dairy
2778,dairy,fruit
2779,fruit,checkout
2780,dairy,checkout
2781,dairy,spices
2782,spices,dairy
2783,dairy,spices
2784,spices,checkout
2785,drinks,fruit
2786,fruit,dairy
2787,dairy,fruit
2788,fruit,dairy
2789,dairy,fruit
2790,fruit,checkout
2791,dairy,checkout
2792,drinks,fruit
2793,fruit,dairy
2794,dairy,drinks
2795,drinks,checkout
2796,fruit,dairy
2797,dairy,spices
2798,spices,drinks
2799,drinks,checkout
2800,spices,dairy
2801,dairy,checkout
2802,fruit,checkout
2803,spices,checkout
2804,spices,dairy
2805,dairy,checkout
2806,drinks,checkout
2807,spices,fruit
2808,fruit,checkout
2809,dairy,drinks
2810,drinks,checkout
2811,fruit,drinks
2812,drinks,checkout
2813,dairy,spices
2814,spices,fruit
2815,fruit,dairy
2816,dairy,fruit
2817,fruit,checkout
2818,spices,drinks
2819,drinks,fruit
2820,fruit,checkout
2821,spices,checkout
2822,fruit,checkout
2823,dairy,checkout
2824,drinks,checkout
2825,fruit,checkout
2826,spices,dairy
2827,dairy,checkout
2828,spices,checkout
2829,fruit,checkout
2830,fruit,checkout
2831,fruit,checkout
2832,drinks,checkout
2833,fruit,checkout
2834,dairy,checkout
2835,dairy,spices
2836,spices,fruit
2837,fruit,checkout
2838,dairy,checkout
2839,dairy,checkout
2840,drinks,checkout
2841,dairy,drinks
2842,drinks,checkout
2843,dairy,drinks
2844,drinks,checkout
2845,fruit,dairy
2846,dairy,drinks
2847,drinks,fruit
2848,fruit,checkout
2849,dairy,drinks
2850,drinks,checkout
2851,fruit,dairy
2852,dairy,checkout
2853,dairy,spices
2854,spices,drinks
2855,drinks,spices
2856,spices,fruit
2857,fruit,checkout
2858,spices,drinks
2859,drinks,checkout
2860,dairy,checkout
2861,drinks,fruit
2862,fruit,spices
2863,spices,fruit
2864,fruit,checkout
2865,drinks,checkout
2866,fruit,dairy
2867,dairy,checkout
2868,fruit,dairy
2869,dairy,spices
2870,spices,drinks
2871,drinks,fruit
2872,fruit,drinks
2873,drinks,checkout
2874,spices,checkout
2875,spices,dairy
2876,dairy,drinks
2877,drinks,checkout
2878,drinks,checkout
2879,drinks,checkout
2880,fruit,checkout
2881,dairy,checkout
2882,fruit,checkout
2883,dairy,spices
2884,spices,drinks
2885,drinks,checkout
2886,drinks,checkout
2887,dairy,spices
2888,spices,dairy
2889,dairy,fruit
2890,fruit,drinks
2891,drinks,fruit
2892,fruit,dairy
2893,dairy,checkout
2894,spices,checkout
2895,fruit,checkout
2896,drinks,fruit
2897,fruit,checkout
2898,drinks,checkout
2899,spices,drinks
2900,drinks,checkout
2901,fruit,checkout
2902,dairy,spices
2903,spices,fruit
2904,fruit,dairy
2905,dairy,fruit
2906,fruit,spices
2907,spices,dairy
2908,dairy,fruit
2909,fruit,dairy
2910,dairy,checkout
2911,fruit,dairy
2912,dairy,fruit
2913,fruit,dairy
2914,dairy,checkout
2915,spices,drinks
2916,drinks,spices
2917,spices,checkout
2918,drinks,checkout
2919,dairy,drinks
2920,drinks,spices
2921,spices,fruit
2922,fruit,dairy
2923,dairy,checkout
2924,fruit,checkout
2925,dairy,checkout
2926,dairy,drinks
2927,drinks,checkout
2928,fruit,dairy
2929,dairy,checkout
2930,fruit,spices
2931,spices,dairy
2932,dairy,fruit
2933,fruit,drinks
2934,drinks,checkout
2935,fruit,drinks
2936,drinks,checkout
2937,fruit,checkout
2938,fruit,drinks
2939,drinks,checkout
2940,fruit,dairy
2941,dairy,spices
2942,spices,checkout
2943,dairy,checkout
2944,fruit,checkout
2945,drinks,checkout
2946,dairy,fruit
2947,fruit,checkout
2948,dairy,spices
2949,spices,fruit
2950,fruit,spices
2951,spices,drinks
2952,drinks,fruit
2953,fruit,drinks
2954,drinks,fruit
2955,fruit,dairy
2956,dairy,spices
2957,spices,checkout
2958,spices,dairy
2959,dairy,spices
2960,spices,dairy
2961,dairy,drinks
2962,drinks,fruit
2963,fruit,checkout
2964,fruit,spices
2965,spices,drinks
2966,drinks,checkout
2967,spices,checkout
2968,fruit,drinks
2969,drinks,spices
2970,spices,checkout
2971,fruit,dairy
2972,dairy,checkout
2973,spices,fruit
2974,fruit,checkout
2975,drinks,fruit
2976,fruit,checkout
2977,fruit,dairy
2978,dairy,spices
2979,spices,dairy
2980,dairy,spices
2981,spices,checkout
2982,drinks,spices
2983,spices,checkout
2984,spices,drinks
2985,drinks,fruit
2986,fruit,checkout
2987,fruit,drinks
2988,drinks,checkout
2989,drinks,checkout
2990,dairy,spices
2991,spices,checkout
2992,dairy,checkout
2993,fruit,spices
2994,spices,dairy
2995,dairy,fruit
2996,fruit,checkout
2997,fruit,checkout
2998,drinks,spices
2999,spices,drinks
3000,drinks,spices
3001,spices,checkout
3002,fruit,spices
3003,spices,checkout
3004,dairy,drinks
3005,drinks,fruit
3006,fruit,checkout
3007,spices,checkout
3008,fruit,drinks
3009,drinks,fruit
3010,fruit,checkout
3011,drinks,checkout
3012,drinks,dairy
3013,dairy,fruit
3014,fruit,dairy
3015,dairy,drinks
3016,drinks,fruit
3017,fruit,checkout
3018,spices,drinks
3019,drinks,checkout
3020,drinks,spices
3021,spices,fruit
3022,fruit,spices
3023,spices,checkout
3024,drinks,checkout
3025,fruit,drinks
3026,drinks,fruit
3027,fruit,checkout
3028,spices,drinks
3029,drinks,checkout
3030,spices,drinks
3031,drinks,fruit
3032,fruit,checkout
3033,spices,checkout
3034,fruit,dairy
3035,dairy,checkout
3036,drinks,fruit
3037,fruit,drinks
3038,drinks,checkout
3039,fruit,dairy
3040,dairy,fruit
3041,fruit,checkout
3042,dairy,spices
3043,spices,checkout
3044,fruit,checkout
3045,dairy,checkout
3046,dairy,drinks
3047,drinks,spices
3048,spices,checkout
3049,spices,drinks
3050,drinks,checkout
3051,fruit,dairy
3052,dairy,spices
3053,spices,checkout
3054,fruit,checkout
3055,fruit,spices
3056,spices,checkout
3057,fruit,checkout
3058,fruit,checkout
3059,fruit,checkout
3060,spices,checkout
3061,dairy,spices
3062,spices,dairy
3063,dairy,checkout
3064,spices,drinks
3065,drinks,fruit
3066,fruit,checkout
3067,dairy,checkout
3068,spices,fruit
3069,fruit,checkout
3070,drinks,fruit
3071,fruit,checkout
3072,drinks,checkout
3073,dairy,spices
3074,spices,dairy
3075,dairy,checkout
3076,fruit,checkout
3077,dairy,drinks
3078,drinks,fruit
3079,fruit,drinks
3080,drinks,checkout
3081,fruit,checkout
3082,fruit,checkout
3083,dairy,checkout
3084,dairy,fruit
3085,fruit,drinks
3086,drinks,spices
3087,spices,fruit
3088,fruit,spices
3089,spices,drinks
3090,drinks,checkout
3091,dairy,checkout
3092,fruit,checkout
3093,dairy,spices
3094,spices,dairy
3095,dairy,spices
3096,spices,fruit
3097,fruit,spices
3098,spices,fruit
3099,fruit,checkout
3100,spices,drinks
3101,drinks,spices
3102,spices,drinks
3103,drinks,checkout
3104,dairy,checkout
3105,drinks,spices
3106,spices,checkout
3107,drinks,spices
3108,spices,drinks
3109,drinks,checkout
3110,dairy,drinks
3111,drinks,dairy
3112,dairy,drinks
3113,drinks,checkout
3114,fruit,dairy
3115,dairy,spices
3116,spices,dairy
3117,dairy,fruit
3118,fruit,checkout
3119,dairy,checkout
3120,drinks,dairy
3121,dairy,checkout
3122,drinks,checkout
3123,fruit,checkout
3124,fruit,spices
3125,spices,drinks
3126,drinks,fruit
3127,fruit,dairy
3128,dairy,checkout
3129,drinks,checkout
3130,spices,dairy
3131,dairy,spices
3132,spices,drinks
3133,drinks,spices
3134,spices,checkout
3135,spices,checkout
3136,fruit,drinks
3137,drinks,spices
3138,spices,checkout
3139,fruit,dairy
3140,dairy,fruit
3141,fruit,checkout
3142,fruit,drinks
3143,drinks,checkout
3144,dairy,checkout
3145,spices,drinks
3146,drinks,checkout
3147,drinks,checkout
3148,fruit,dairy
3149,dairy,checkout
3150,fruit,dairy
3151,dairy,fruit
3152,fruit,checkout
3153,spices,fruit
3154,fruit,drinks
3155,drinks,spices
3156,spices,drinks
3157,drinks,checkout
3158,fruit,dairy
3159,dairy,spices
3160,spices,dairy
3161,dairy,drinks
3162,drinks,checkout
3163,drinks,checkout
3164,drinks,checkout
3165,drinks,fruit
3166,fruit,drinks
3167,drinks,fruit
3168,fruit,drinks
3169,drinks,checkout
3170,dairy,spices
3171,spices,dairy
3172,dairy,checkout
3173,fruit,checkout
3174,drinks,checkout
3175,spices,fruit
3176,fruit,dairy
3177,dairy,spices
3178,spices,dairy
3179,dairy,checkout
3180,fruit,checkout
3181,drinks,checkout
3182,fruit,dairy
3183,dairy,drinks
3184,drinks,checkout
3185,dairy,fruit
3186,fruit,checkout
3187,fruit,dairy
3188,dairy,fruit
3189,fruit,spices
3190,spices,checkout
3191,drinks,checkout
3192,drinks,dairy
3193,dairy,drinks
3194,drinks,checkout
3195,dairy,fruit
3196,fruit,dairy
3197,dairy,spices
3198,spices,fruit
3199,fruit,spices
3200,spices,dairy
3201,dairy,checkout
3202,drinks,dairy
3203,dairy,drinks
3204,drinks,dairy
3205,dairy,drinks
3206,drinks,checkout
3207,spices,drinks
3208,drinks,fruit
3209,fruit,checkout
3210,drinks,fruit
3211,fruit,dairy
3212,dairy,drinks
3213,drinks,checkout
3214,fruit,dairy
3215,dairy,checkout
3216,drinks,checkout
3217,fruit,dairy
3218,dairy,fruit
3219,fruit,checkout
3220,dairy,drinks
3221,drinks,fruit
3222,fruit,drinks
3223,drinks,checkout
3224,fruit,checkout
3225,fruit,dairy
3226,dairy,checkout
3227,dairy,drinks
3228,drinks,fruit
3229,fruit,spices
3230,spices,dairy
3231,dairy,spices
3232,spices,checkout
3233,dairy,checkout
3234,fruit,checkout
3235,spices,fruit
3236,fruit,drinks
3237,drinks,checkout
3238,drinks,checkout
3239,fruit,spices
3240,spices,fruit
3241,fruit,checkout
3242,drinks,checkout
3243,fruit,checkout
3244,fruit,drinks
3245,drinks,spices
3246,spices,drinks
3247,drinks,checkout
3248,spices,drinks
3249,drinks,fruit
3250,fruit,dairy
3251,dairy,drinks
3252,drinks,checkout
3253,dairy,drinks
3254,drinks,fruit
3255,fruit,dairy
3256,dairy,drinks
3257,drinks,checkout
3258,drinks,dairy
3259,dairy,drinks
3260,drinks,spices
3261,spices,drinks
3262,drinks,fruit
3263,fruit,drinks
3264,drinks,spices
3265,spices,checkout
3266,drinks,fruit
3267,fruit,checkout
3268,dairy,checkout
3269,spices,drinks
3270,drinks,checkout
3271,dairy,checkout
3272,dairy,checkout
3273,drinks,checkout
3274,spices,dairy
3275,dairy,drinks
3276,drinks,checkout
3277,fruit,checkout
3278,dairy,drinks
3279,drinks,checkout
3280,spices,dairy
3281,dairy,spices
3282,spices,fruit
3283,fruit,checkout
3284,spices,checkout
3285,spices,checkout
3286,drinks,spices
3287,spices,drinks
3288,drinks,checkout
3289,dairy,drinks
3290,drinks,dairy
3291,dairy,drinks
3292,drinks,checkout
3293,fruit,spices
3294,spices,drinks
3295,drinks,checkout
3296,drinks,dairy
3297,dairy,checkout
3298,dairy,drinks
3299,drinks,checkout
3300,drinks,checkout
3301,drinks,fruit
3302,fruit,checkout
3303,spices,fruit
3304,fruit,spices
3305,spices,checkout
3306,fruit,dairy
3307,dairy,checkout
3308,spices,checkout
3309,fruit,drinks
3310,drinks,checkout
3311,dairy,checkout
3312,drinks,checkout
3313,drinks,checkout
3314,spices,dairy
3315,dairy,checkout
3316,dairy,drinks
3317,drinks,fruit
3318,fruit,checkout
3319,dairy,drinks
3320,drinks,spices
3321,spices,dairy
3322,dairy,checkout
3323,drinks,fruit
3324,fruit,dairy
3325,dairy,checkout
3326,drinks,spices
3327,spices,dairy
3328,dairy,drinks
3329,drinks,spices
3330,spices,drinks
3331,drinks,fruit
3332,fruit,dairy
3333,dairy,fruit
3334,fruit,checkout
3335,fruit,checkout
3336,fruit,checkout
3337,fruit,drinks
3338,drinks,fruit
3339,fruit,checkout
3340,dairy,checkout
3341,drinks,fruit
3342,fruit,checkout
3343,fruit,spices
3344,spices,dairy
3345,dairy,checkout
3346,dairy,spices
3347,spices,fruit
3348,fruit,checkout
3349,fruit,drinks
3350,drinks,checkout
3351,dairy,drinks
3352,drinks,checkout
3353,fruit,checkout
3354,drinks,checkout
3355,fruit,drinks
3356,drinks,checkout
3357,fruit,checkout
3358,fruit,spices
3359,spices,fruit
3360,fruit,checkout
3361,drinks,checkout
3362,fruit,drinks
3363,drinks,checkout
3364,dairy,checkout
3365,dairy,drinks
3366,drinks,checkout
3367,dairy,spices
3368,spices,checkout
3369,fruit,checkout
3370,dairy,checkout
3371,dairy,checkout
3372,dairy,checkout
3373,spices,fruit
3374,fruit,checkout
3375,fruit,checkout
3376,fruit,spices
3377,spices,checkout
3378,drinks,fruit
3379,fruit,checkout
3380,drinks,fruit
3381,fruit,checkout
3382,fruit,checkout
3383,fruit,checkout
3384,fruit,checkout
3385,dairy,drinks
3386,drinks,checkout
3387,fruit,checkout
3388,fruit,drinks
3389,drinks,checkout
3390,spices,fruit
3391,fruit,checkout
3392,drinks,checkout
3393,fruit,drinks
3394,drinks,checkout
3395,spices,checkout
3396,spices,drinks
3397,drinks,checkout
3398,dairy,drinks
3399,drinks,checkout
3400,dairy,spices
3401,spices,dairy
3402,dairy,checkout
3403,dairy,drinks
3404,drinks,checkout
3405,drinks,checkout
3406,fruit,drinks
3407,drinks,checkout
3408,drinks,checkout
3409,drinks,checkout
3410,drinks,checkout
3411,fruit,dairy
3412,dairy,fruit
3413,fruit,dairy
3414,dairy,fruit
3415,fruit,dairy
3416,dairy,checkout
3417,spices,fruit
3418,fruit,checkout
3419,dairy,spices
3420,spices,drinks
3421,drinks,fruit
3422,drinks,fruit
3423,fruit,spices
3424,spices,drinks
3425,drinks,checkout
3426,drinks,checkout
3427,drinks,checkout
3428,fruit,spices
3429,spices,dairy
3430,spices,checkout
3431,drinks,spices
3432,dairy,drinks
3433,drinks,spices
3434,fruit,checkout
3435,fruit,dairy
3436,spices,checkout
